"""Time (s)"",""Latitude (°)"",""Longitude (°)"",""Height (m)"",""Velocity (m/s)"",""Direction (°)"",""Horizontal Accuracy (m)"",""Vertical Accuracy (m)"""
2.653959582E0,6.507794020E1,2.542211678E1,1.559631434E1,4.099999964E-1,1.843999939E2,6.612324238E0,7.494314194E0
3.654096978E0,6.507803390E1,2.542212146E1,1.849758169E1,7.699999809E-1,3.366000061E2,4.582293987E0,4.938768864E0
4.026475363E0,6.507800915E1,2.542208323E1,1.503774840E1,1.129999995E0,2.531000061E2,3.893188477E0,4.497928619E0
5.026114790E0,6.507799165E1,2.542205352E1,1.658462700E1,1.250000000E0,2.525000000E2,3.790092468E0,3.793157101E0
6.025510310E0,6.507798517E1,2.542203144E1,1.616348435E1,1.299999952E0,2.443999939E2,3.790092468E0,2.822910786E0
7.025839581E0,6.507798816E1,2.542200402E1,1.630746156E1,1.610000014E0,2.366999969E2,3.790092468E0,2.500000000E0
8.026463278E0,6.507799428E1,2.542197846E1,1.591219208E1,1.350000024E0,2.401000061E2,3.790092468E0,2.500000000E0
9.032191663E0,6.507801926E1,2.542197623E1,1.534620229E1,1.500000000E0,2.415000000E2,3.790092468E0,2.500000000E0
1.002903130E1,6.507802126E1,2.542193206E1,1.568036335E1,1.850000024E0,2.682999878E2,3.790092468E0,2.500000000E0
1.104185760E1,6.507802197E1,2.542190241E1,1.567065471E1,1.269999981E0,2.683999939E2,3.790092468E0,2.500000000E0
1.203081515E1,6.507802957E1,2.542187011E1,1.473796920E1,1.350000024E0,2.730000000E2,3.790092468E0,2.500000000E0
1.302943114E1,6.507803348E1,2.542185111E1,1.471538215E1,1.139999986E0,2.652999878E2,3.790092468E0,2.500000000E0
1.402929630E1,6.507803214E1,2.542182295E1,1.480406323E1,1.269999981E0,2.703999939E2,3.790092468E0,2.500000000E0
1.503327520E1,6.507803444E1,2.542178484E1,1.512095198E1,1.730000019E0,2.765000000E2,3.790092468E0,2.500000000E0
1.603435369E1,6.507803542E1,2.542175186E1,1.429477552E1,1.470000029E0,2.718999939E2,3.790092468E0,2.500000000E0
1.702982260E1,6.507803578E1,2.542172190E1,1.437185898E1,1.330000043E0,2.720000000E2,3.790092468E0,2.500000000E0
1.802692348E1,6.507803485E1,2.542169111E1,1.444576905E1,1.370000005E0,2.661000061E2,3.790092468E0,2.500000000E0
1.902991624E1,6.507803299E1,2.542165520E1,1.480593375E1,1.750000000E0,2.651000061E2,3.790092468E0,2.500000000E0
2.003156312E1,6.507803128E1,2.542162024E1,1.486757555E1,1.370000005E0,2.661000061E2,3.790092468E0,2.500000000E0
2.102736551E1,6.507802991E1,2.542159191E1,1.476491141E1,1.179999948E0,2.700000000E2,3.790092468E0,2.500000000E0
2.202577614E1,6.507802961E1,2.542156156E1,1.504353319E1,1.480000019E0,2.711000061E2,3.790092468E0,2.500000000E0
2.302808046E1,6.507802971E1,2.542153065E1,1.488349506E1,1.470000029E0,2.726000061E2,3.790092468E0,2.500000000E0
2.403231437E1,6.507803001E1,2.542150132E1,1.487421388E1,1.350000024E0,2.718999939E2,3.790092468E0,2.500000000E0
2.502575400E1,6.507803076E1,2.542147258E1,1.527124362E1,1.350000024E0,2.722999878E2,3.790092468E0,2.500000000E0
2.602737817E1,6.507803136E1,2.542144457E1,1.528289754E1,1.370000005E0,2.743999939E2,3.790092468E0,2.500000000E0
2.703037150E1,6.507803132E1,2.542141487E1,1.558513989E1,1.460000038E0,2.702000122E2,3.790092468E0,2.500000000E0
2.802786832E1,6.507803147E1,2.542138503E1,1.559276545E1,1.350000024E0,2.705000000E2,3.790092468E0,2.500000000E0
2.904144572E1,6.507803039E1,2.542135140E1,1.579423870E1,1.759999990E0,2.657000122E2,3.790092468E0,2.500000000E0
3.003060890E1,6.507803005E1,2.542131834E1,1.579997197E1,1.320000052E0,2.708999939E2,3.790092468E0,2.500000000E0
3.103166494E1,6.507803119E1,2.542129002E1,1.583005824E1,1.309999943E0,2.700000000E2,3.790092468E0,2.500000000E0
3.203204634E1,6.507803183E1,2.542125985E1,1.584354292E1,1.500000000E0,2.663999939E2,3.790092468E0,2.500000000E0
3.303069681E1,6.507803281E1,2.542122942E1,1.585244979E1,1.360000014E0,2.672999878E2,3.790092468E0,2.500000000E0
3.402894848E1,6.507803277E1,2.542120030E1,1.569949202E1,1.429999948E0,2.655000000E2,3.790092468E0,2.500000000E0
3.503120837E1,6.507803260E1,2.542117001E1,1.578267918E1,1.379999995E0,2.682999878E2,3.790092468E0,2.500000000E0
3.603095905E1,6.507803104E1,2.542113954E1,1.604787374E1,1.440000057E0,2.625000000E2,3.790092468E0,2.500000000E0
3.703255608E1,6.507802983E1,2.542110954E1,1.573543149E1,1.399999976E0,2.650000000E2,3.790092468E0,2.500000000E0
3.802831712E1,6.507802965E1,2.542107825E1,1.563984655E1,1.529999971E0,2.638999939E2,3.790092468E0,2.500000000E0
3.903004452E1,6.507803016E1,2.542104962E1,1.535236713E1,1.259999990E0,2.651000061E2,3.790092468E0,2.500000000E0
4.003256212E1,6.507803159E1,2.542102122E1,1.540674526E1,1.450000048E0,2.651000061E2,3.790092468E0,2.500000000E0
4.102664551E1,6.507803150E1,2.542099008E1,1.550995181E1,1.450000048E0,2.647999878E2,3.790092468E0,2.500000000E0
4.202840498E1,6.507803039E1,2.542095806E1,1.575506541E1,1.500000000E0,2.613999939E2,3.790092468E0,2.500000000E0
4.302830425E1,6.507803065E1,2.542092336E1,1.575921131E1,1.600000024E0,2.702000122E2,3.790092468E0,2.500000000E0
4.403205233E1,6.507803177E1,2.542089201E1,1.594493685E1,1.340000033E0,2.806000061E2,3.790092468E0,2.500000000E0
4.503036826E1,6.507803805E1,2.542086409E1,1.574107325E1,1.679999948E0,2.807000122E2,3.790092468E0,2.500000000E0
4.603141811E1,6.507804209E1,2.542083032E1,1.594046913E1,1.820000052E0,2.617999878E2,3.790092468E0,2.500000000E0
4.703101686E1,6.507804172E1,2.542079909E1,1.559146631E1,1.309999943E0,2.727999878E2,3.790092468E0,2.500000000E0
4.803149232E1,6.507803717E1,2.542077063E1,1.477707254E1,1.649999976E0,2.490000000E2,3.790092468E0,2.500000000E0
4.903213988E1,6.507803165E1,2.542073966E1,1.443765445E1,1.509999990E0,2.536999969E2,3.790092468E0,2.500000000E0
5.003353144E1,6.507802872E1,2.542070815E1,1.421945101E1,1.629999995E0,2.593999939E2,3.790092468E0,2.500000000E0
5.103214634E1,6.507802669E1,2.542067562E1,1.381747022E1,1.509999990E0,2.610000000E2,3.790092468E0,2.500000000E0
5.203345701E1,6.507802545E1,2.542064321E1,1.350008383E1,1.490000010E0,2.647999878E2,3.790092468E0,2.500000000E0
5.303002201E1,6.507802423E1,2.542061141E1,1.302956030E1,1.620000005E0,2.637999878E2,3.790092468E0,2.500000000E0
5.403125967E1,6.507802386E1,2.542057804E1,1.268147274E1,1.590000033E0,2.677999878E2,3.790092468E0,2.500000000E0
5.502851097E1,6.507802299E1,2.542054456E1,1.250776282E1,1.570000052E0,2.677999878E2,3.790092468E0,2.500000000E0
5.602857175E1,6.507802304E1,2.542051256E1,1.226453365E1,1.419999957E0,2.725000000E2,3.790092468E0,2.500000000E0
5.703102336E1,6.507802406E1,2.542047857E1,1.184503429E1,1.700000048E0,2.742000122E2,3.790092468E0,2.500000000E0
5.802805550E1,6.507802701E1,2.542044433E1,1.167107852E1,1.529999971E0,2.826000061E2,3.790092468E0,2.500000000E0
5.903218201E1,6.507802964E1,2.542041498E1,1.182170847E1,1.399999976E0,2.801000061E2,3.790092468E0,2.500000000E0
6.003113852E1,6.507803062E1,2.542038679E1,1.193852578E1,1.389999986E0,2.738999939E2,3.790092468E0,2.500000000E0
6.103253727E1,6.507803004E1,2.542035917E1,1.192649860E1,1.370000005E0,2.640000000E2,3.790092468E0,2.500000000E0
6.202929492E1,6.507802925E1,2.542032982E1,1.187205186E1,1.480000019E0,2.655000000E2,3.790092468E0,2.500000000E0
6.302858690E1,6.507802846E1,2.542030155E1,1.192368436E1,1.200000048E0,2.663999939E2,3.790092468E0,2.500000000E0
6.403207190E1,6.507802721E1,2.542027370E1,1.200345432E1,1.330000043E0,2.578999939E2,3.790092468E0,2.500000000E0
6.503264472E1,6.507802536E1,2.542023287E1,1.206680443E1,2.309999943E0,2.578999939E2,3.790092468E0,2.500000000E0
6.603180102E1,6.507802396E1,2.542019936E1,1.252059717E1,1.000000000E0,2.643999939E2,3.790092468E0,2.500000000E0
6.703380237E1,6.507802370E1,2.542017346E1,1.224306714E1,1.350000024E0,2.702999878E2,3.790092468E0,2.500000000E0
6.803086586E1,6.507802388E1,2.542014440E1,1.235915226E1,1.250000000E0,2.730000000E2,3.790092468E0,2.500000000E0
6.903080753E1,6.507802319E1,2.542011433E1,1.239711262E1,1.480000019E0,2.705000000E2,3.790092468E0,2.500000000E0
7.003414784E1,6.507802164E1,2.542008353E1,1.235658203E1,1.360000014E0,2.718999939E2,3.790092468E0,2.500000000E0
7.103165028E1,6.507801846E1,2.542005210E1,1.218543682E1,1.500000000E0,2.642999878E2,3.790092468E0,2.500000000E0
7.203423409E1,6.507801569E1,2.542001882E1,1.230744306E1,1.610000014E0,2.663999939E2,3.790092468E0,2.500000000E0
7.302825638E1,6.507801407E1,2.541998559E1,1.206897518E1,1.450000048E0,2.705000000E2,3.790092468E0,2.500000000E0
7.403264763E1,6.507801273E1,2.541995354E1,1.215344435E1,1.500000000E0,2.653999939E2,3.790092468E0,2.500000000E0
7.503105190E1,6.507801117E1,2.541992278E1,1.256817501E1,1.370000005E0,2.663999939E2,3.790092468E0,2.500000000E0
7.603194320E1,6.507800896E1,2.541989118E1,1.255285212E1,1.480000019E0,2.641000061E2,3.790092468E0,2.500000000E0
7.703362008E1,6.507800697E1,2.541985908E1,1.275133523E1,1.460000038E0,2.672999878E2,3.790092468E0,2.500000000E0
7.803193554E1,6.507800487E1,2.541982553E1,1.300322396E1,1.559999943E0,2.675000000E2,3.790092468E0,2.500000000E0
7.903344398E1,6.507800327E1,2.541979331E1,1.320585728E1,1.360000014E0,2.697000122E2,3.790092468E0,2.500000000E0
8.003191586E1,6.507800245E1,2.541976167E1,1.302390783E1,1.500000000E0,2.682999878E2,3.790092468E0,2.500000000E0
8.102919825E1,6.507800236E1,2.541973059E1,1.284244642E1,1.470000029E0,2.681000061E2,3.790092468E0,2.500000000E0
8.203160153E1,6.507800070E1,2.541970010E1,1.319821719E1,1.409999967E0,2.612000122E2,3.790092468E0,2.500000000E0
8.302976466E1,6.507799895E1,2.541966643E1,1.313540849E1,1.629999995E0,2.637999878E2,3.790092468E0,2.500000000E0
8.403280325E1,6.507799806E1,2.541963370E1,1.319595160E1,1.389999986E0,2.665000000E2,3.790092468E0,2.500000000E0
8.503347262E1,6.507799696E1,2.541960142E1,1.317122875E1,1.529999971E0,2.663999939E2,3.790092468E0,2.500000000E0
8.603216325E1,6.507799524E1,2.541956922E1,1.322298322E1,1.399999976E0,2.612000122E2,3.790092468E0,2.500000000E0
8.703160215E1,6.507799351E1,2.541953797E1,1.256819484E1,1.539999962E0,2.612000122E2,3.790092468E0,2.500000000E0
8.803057408E1,6.507799195E1,2.541950437E1,1.246485873E1,1.580000043E0,2.638999939E2,3.790092468E0,2.500000000E0
8.903082372E1,6.507799038E1,2.541947467E1,1.254133269E1,1.169999957E0,2.618999939E2,3.790092468E0,2.500000000E0
9.002713278E1,6.507798829E1,2.541944587E1,1.192048032E1,1.549999952E0,2.555000000E2,3.790092468E0,2.500000000E0
9.103009773E1,6.507798476E1,2.541941430E1,1.215747733E1,1.519999981E0,2.518999939E2,3.790092468E0,2.500000000E0
9.204038559E1,6.507798234E1,2.541938275E1,1.235882935E1,1.460000038E0,2.602999878E2,3.790092468E0,2.500000000E0
9.302907142E1,6.507798314E1,2.541935121E1,1.183599787E1,1.450000048E0,2.698999939E2,3.790092468E0,2.500000000E0
9.402948637E1,6.507798441E1,2.541931798E1,1.240722116E1,1.529999971E0,2.717999878E2,3.790092468E0,2.500000000E0
9.503232934E1,6.507798506E1,2.541928527E1,1.235814449E1,1.429999948E0,2.692000122E2,3.790092468E0,2.500000000E0
9.603570220E1,6.507798441E1,2.541925439E1,1.222068968E1,1.350000024E0,2.642999878E2,3.790092468E0,2.500000000E0
9.702733694E1,6.507798269E1,2.541922680E1,1.249528409E1,1.230000019E0,2.620000000E2,3.790092468E0,2.500000000E0
9.802837856E1,6.507797935E1,2.541920196E1,1.256199379E1,1.169999957E0,2.571000061E2,3.790092468E0,2.500000000E0
9.902590496E1,6.507797462E1,2.541917889E1,1.253831123E1,1.210000038E0,2.508999939E2,3.790092468E0,2.500000000E0
1.000329205E2,6.507797003E1,2.541915552E1,1.268717496E1,1.179999948E0,2.481999969E2,3.790092468E0,2.500000000E0
1.010299174E2,6.507796561E1,2.541913159E1,1.292539402E1,1.269999981E0,2.541999969E2,3.790092468E0,2.500000000E0
1.020277427E2,6.507796417E1,2.541910196E1,1.256961696E1,1.480000019E0,2.548000031E2,3.790092468E0,2.500000000E0
1.030360596E2,6.507796174E1,2.541907046E1,1.273575170E1,1.460000038E0,2.543000031E2,3.790092468E0,2.500000000E0
1.040289196E2,6.507795838E1,2.541903857E1,1.285067829E1,1.529999971E0,2.541000061E2,3.790092468E0,2.500000000E0
1.050314276E2,6.507795574E1,2.541900553E1,1.235604632E1,1.519999981E0,2.675000000E2,3.790092468E0,2.500000000E0
1.060295510E2,6.507795494E1,2.541897335E1,1.250100109E1,1.389999986E0,2.658999939E2,3.790092468E0,2.500000000E0
1.070294746E2,6.507795562E1,2.541894374E1,1.242030858E1,1.220000029E0,2.702000122E2,3.790092468E0,2.500000000E0
1.080300621E2,6.507795668E1,2.541891693E1,1.247969195E1,1.179999948E0,2.680000000E2,3.790092468E0,2.500000000E0
1.090341541E2,6.507795727E1,2.541888797E1,1.253510796E1,1.429999948E0,2.691000061E2,3.790092468E0,2.500000000E0
1.100312842E2,6.507795873E1,2.541885718E1,1.282080902E1,1.360000014E0,2.726000061E2,3.790092468E0,2.500000000E0
1.110303538E2,6.507796064E1,2.541882830E1,1.297815319E1,1.210000038E0,2.726000061E2,3.790092468E0,2.500000000E0
1.120322315E2,6.507796202E1,2.541879972E1,1.318048054E1,1.320000052E0,2.718999939E2,3.790092468E0,2.500000000E0
1.130297459E2,6.507796322E1,2.541876989E1,1.316387469E1,1.320000052E0,2.683999939E2,3.790092468E0,2.500000000E0
1.140294444E2,6.507796444E1,2.541874157E1,1.298772314E1,1.220000029E0,2.703999939E2,3.790092468E0,2.500000000E0
1.150291561E2,6.507796507E1,2.541871137E1,1.335570001E1,1.490000010E0,2.700000000E2,3.790092468E0,2.500000000E0
1.160309753E2,6.507796591E1,2.541868158E1,1.314835946E1,1.309999943E0,2.725000000E2,3.790092468E0,2.500000000E0
1.170319403E2,6.507796606E1,2.541865250E1,1.334684205E1,1.409999967E0,2.680000000E2,3.790092468E0,2.500000000E0
1.180330783E2,6.507796634E1,2.541862184E1,1.328690153E1,1.399999976E0,2.731000061E2,3.790092468E0,2.500000000E0
1.190329137E2,6.507796702E1,2.541859186E1,1.364212206E1,1.389999986E0,2.698999939E2,3.790092468E0,2.500000000E0
1.200319770E2,6.507796763E1,2.541856382E1,1.344070224E1,1.210000038E0,2.741000061E2,3.790092468E0,2.500000000E0
1.210332653E2,6.507796808E1,2.541853937E1,1.351760326E1,1.120000005E0,2.702999878E2,3.790092468E0,2.500000000E0
1.220336805E2,6.507796723E1,2.541851345E1,1.390236597E1,1.330000043E0,2.668999939E2,3.790092468E0,2.500000000E0
1.230321882E2,6.507796578E1,2.541848189E1,1.399409843E1,1.600000024E0,2.637000122E2,3.790092468E0,2.500000000E0
1.240285600E2,6.507796381E1,2.541845155E1,1.407502805E1,1.289999962E0,2.573999939E2,3.790092468E0,2.500000000E0
1.250338438E2,6.507796188E1,2.541841330E1,1.373817100E1,2.240000010E0,2.573999939E2,3.790092468E0,2.500000000E0
1.260340441E2,6.507796087E1,2.541838040E1,1.392884110E1,1.009999990E0,2.692000122E2,3.790092468E0,2.500000000E0
1.270314293E2,6.507796010E1,2.541835504E1,1.372437044E1,1.529999971E0,2.652999878E2,3.790092468E0,2.500000000E0
1.280338269E2,6.507796017E1,2.541832722E1,1.358105635E1,1.289999962E0,2.672000122E2,3.790092468E0,2.500000000E0
1.290336250E2,6.507795828E1,2.541829979E1,1.367510886E1,1.559999943E0,2.546999969E2,3.790092468E0,2.500000000E0
1.300316999E2,6.507795607E1,2.541826861E1,1.347967128E1,1.620000005E0,2.562000122E2,3.790092468E0,2.500000000E0
1.310336204E2,6.507795494E1,2.541823868E1,1.320543702E1,1.419999957E0,2.582999878E2,3.790092468E0,2.500000000E0
1.320314647E2,6.507795501E1,2.541820881E1,1.290611681E1,1.490000010E0,2.670000000E2,3.790092468E0,2.500000000E0
1.330284332E2,6.507795659E1,2.541817825E1,1.278642234E1,1.529999971E0,2.690000000E2,3.790092468E0,2.500000000E0
1.340329476E2,6.507795713E1,2.541815085E1,1.266630145E1,1.299999952E0,2.621000061E2,3.790092468E0,2.500000000E0
1.350304316E2,6.507795728E1,2.541812367E1,1.270487217E1,1.409999967E0,2.593999939E2,3.790092468E0,2.500000000E0
1.360310546E2,6.507795610E1,2.541809311E1,1.279843571E1,1.639999986E0,2.572000122E2,3.790092468E0,2.500000000E0
1.370316654E2,6.507795471E1,2.541806168E1,1.263308808E1,1.500000000E0,2.620000000E2,3.790092468E0,2.500000000E0
1.380320109E2,6.507795353E1,2.541803081E1,1.276235714E1,1.480000019E0,2.615000000E2,3.790092468E0,2.500000000E0
1.390273810E2,6.507795335E1,2.541800040E1,1.300795884E1,1.409999967E0,2.716000061E2,3.790092468E0,2.500000000E0
1.400297828E2,6.507795403E1,2.541797353E1,1.315834578E1,1.220000029E0,2.712999878E2,3.790092468E0,2.500000000E0
1.410279735E2,6.507795487E1,2.541794427E1,1.317109807E1,1.559999943E0,2.738999939E2,3.790092468E0,2.500000000E0
1.420268795E2,6.507795520E1,2.541791453E1,1.315980267E1,1.240000010E0,2.695000000E2,3.790092468E0,2.500000000E0
1.430278672E2,6.507795528E1,2.541788768E1,1.325226750E1,1.330000043E0,2.717000122E2,3.790092468E0,2.500000000E0
1.440272906E2,6.507795564E1,2.541785936E1,1.298145078E1,1.399999976E0,2.712999878E2,3.790092468E0,2.500000000E0
1.450313304E2,6.507795528E1,2.541782961E1,1.283661075E1,1.360000014E0,2.667000122E2,3.790092468E0,2.500000000E0
1.460292136E2,6.507795462E1,2.541780038E1,1.290826261E1,1.350000024E0,2.667999878E2,3.790092468E0,2.500000000E0
1.470316784E2,6.507795414E1,2.541777068E1,1.259881081E1,1.460000038E0,2.660000000E2,3.790092468E0,2.500000000E0
1.480336647E2,6.507795415E1,2.541774275E1,1.188017935E1,1.240000010E0,2.667000122E2,3.790092468E0,2.500000000E0
1.490313598E2,6.507795276E1,2.541771532E1,1.201048653E1,1.490000010E0,2.551999969E2,3.790092468E0,2.500000000E0
1.500354744E2,6.507795257E1,2.541768425E1,1.164366139E1,1.470000029E0,2.692000122E2,3.790092468E0,2.500000000E0
1.510321158E2,6.507795372E1,2.541765415E1,1.174979724E1,1.350000024E0,2.771000061E2,3.790092468E0,2.500000000E0
1.520311925E2,6.507795586E1,2.541762533E1,1.180997335E1,1.399999976E0,2.795000000E2,3.790092468E0,2.500000000E0
1.530419646E2,6.507795894E1,2.541759152E1,1.185641552E1,1.850000024E0,2.780000000E2,3.790092468E0,2.500000000E0
1.540294106E2,6.507796166E1,2.541755331E1,1.182729577E1,1.820000052E0,2.742000122E2,3.790092468E0,2.500000000E0
1.550294213E2,6.507796337E1,2.541751920E1,1.151222726E1,1.419999957E0,2.725000000E2,3.790092468E0,2.500000000E0
1.560322902E2,6.507796278E1,2.541749238E1,1.158766357E1,1.129999995E0,2.627999878E2,3.790092468E0,2.500000000E0
1.570337647E2,6.507796009E1,2.541746828E1,1.156513969E1,1.149999976E0,2.570000000E2,3.790092468E0,2.500000000E0
1.580321538E2,6.507795616E1,2.541744296E1,1.164448386E1,1.279999971E0,2.503000031E2,3.790092468E0,2.500000000E0
1.590316407E2,6.507795216E1,2.541741681E1,1.191315901E1,1.250000000E0,2.575000000E2,3.790092468E0,2.500000000E0
1.600320776E2,6.507794773E1,2.541739309E1,1.198298211E1,1.220000029E0,2.483000031E2,3.790092468E0,2.500000000E0
1.610310952E2,6.507794121E1,2.541736595E1,1.194904590E1,1.690000057E0,2.430000000E2,3.790092468E0,2.500000000E0
1.620298587E2,6.507793438E1,2.541733667E1,1.258466521E1,1.490000010E0,2.433999939E2,3.790092468E0,2.500000000E0
1.630303435E2,6.507792873E1,2.541730564E1,1.280207092E1,1.750000000E0,2.498999939E2,3.790092468E0,2.500000000E0
1.640314334E2,6.507792259E1,2.541727068E1,1.250061647E1,1.929999948E0,2.475000000E2,3.790092468E0,2.500000000E0
1.650319760E2,6.507791728E1,2.541724202E1,1.277002428E1,1.240000010E0,2.453000031E2,3.790092468E0,2.500000000E0
1.660336671E2,6.507791147E1,2.541722197E1,1.244806376E1,1.240000010E0,2.465000000E2,3.790092468E0,2.500000000E0
1.670333480E2,6.507790551E1,2.541719994E1,1.204071488E1,1.399999976E0,2.413999939E2,3.790092468E0,2.500000000E0
1.680334038E2,6.507790043E1,2.541717579E1,1.202466173E1,1.379999995E0,2.418000031E2,3.790092468E0,2.500000000E0
1.690322409E2,6.507789790E1,2.541715153E1,1.244775545E1,1.230000019E0,2.668999939E2,3.790092468E0,2.500000000E0
1.700318387E2,6.507789708E1,2.541712587E1,1.252087267E1,1.269999981E0,2.712999878E2,3.790092468E0,2.500000000E0
1.710369481E2,6.507789720E1,2.541710204E1,1.225023972E1,1.070000052E0,2.647000122E2,3.790092468E0,2.500000000E0
1.720349637E2,6.507789684E1,2.541707744E1,1.218425776E1,1.399999976E0,2.657000122E2,3.790092468E0,2.500000000E0
1.730346728E2,6.507789537E1,2.541705108E1,1.202342742E1,1.289999962E0,2.588999939E2,3.790092468E0,2.500000000E0
1.740298101E2,6.507789214E1,2.541702511E1,1.224223655E1,1.419999957E0,2.525000000E2,3.790092468E0,2.500000000E0
1.750297601E2,6.507788934E1,2.541700228E1,1.248240819E1,1.019999981E0,2.541000061E2,3.790092468E0,2.500000000E0
1.760325794E2,6.507788794E1,2.541697701E1,1.218876545E1,1.309999943E0,2.551999969E2,3.790092468E0,2.500000000E0
1.770293620E2,6.507788755E1,2.541695049E1,1.304386481E1,1.000000000E0,2.652000122E2,3.790092468E0,2.500000000E0
1.780309342E2,6.507788762E1,2.541692393E1,1.296707920E1,1.230000019E0,2.702000122E2,3.790092468E0,2.500000000E0
1.790303486E2,6.507788770E1,2.541689759E1,1.330252505E1,9.100000262E-1,2.702000122E2,3.790092468E0,2.500000000E0
1.800418103E2,6.507788699E1,2.541686725E1,1.362954789E1,1.590000033E0,2.647999878E2,3.790092468E0,2.500000000E0
1.810270106E2,6.507788501E1,2.541683330E1,1.357345313E1,1.250000000E0,2.612999878E2,3.790092468E0,2.500000000E0
1.820344424E2,6.507788368E1,2.541680223E1,1.357729498E1,1.389999986E0,2.623999939E2,3.790092468E0,2.500000000E0
1.830304927E2,6.507788314E1,2.541677151E1,1.373036750E1,1.250000000E0,2.667999878E2,3.790092468E0,2.500000000E0
1.840282011E2,6.507788302E1,2.541674199E1,1.333973882E1,1.279999971E0,2.627999878E2,3.790092468E0,2.500000000E0
1.850303138E2,6.507788584E1,2.541671083E1,1.344617900E1,1.529999971E0,2.952000122E2,3.790092468E0,2.500000000E0
1.860288657E2,6.507788921E1,2.541668033E1,1.341327577E1,1.190000057E0,2.816000061E2,3.790092468E0,2.500000000E0
1.870295619E2,6.507789206E1,2.541665042E1,1.324975759E1,1.450000048E0,2.837999878E2,3.790092468E0,2.500000000E0
1.880297656E2,6.507789333E1,2.541662027E1,1.329565168E1,1.269999981E0,2.708999939E2,3.790092468E0,2.500000000E0
1.890293357E2,6.507789245E1,2.541658967E1,1.301720580E1,1.529999971E0,2.672000122E2,3.790092468E0,2.500000000E0
1.900311025E2,6.507789120E1,2.541655776E1,1.307536881E1,1.409999967E0,2.657000122E2,3.790092468E0,2.500000000E0
1.910316728E2,6.507789054E1,2.541652893E1,1.322459640E1,1.230000019E0,2.657000122E2,3.790092468E0,2.500000000E0
1.920304384E2,6.507789098E1,2.541649854E1,1.328544442E1,1.399999976E0,2.740000000E2,3.790092468E0,2.500000000E0
1.930285474E2,6.507789278E1,2.541646726E1,1.326328394E1,1.370000005E0,2.782999878E2,3.790092468E0,2.500000000E0
1.940320625E2,6.507789465E1,2.541643542E1,1.308987825E1,1.379999995E0,2.730000000E2,3.790092468E0,2.500000000E0
1.950290045E2,6.507789644E1,2.541640489E1,1.320736630E1,1.389999986E0,2.757000122E2,3.790092468E0,2.500000000E0
1.960336191E2,6.507789699E1,2.541637423E1,1.338131239E1,1.340000033E0,2.680000000E2,3.790092468E0,2.500000000E0
1.970316508E2,6.507789797E1,2.541634361E1,1.347664502E1,1.399999976E0,2.742000122E2,3.790092468E0,2.500000000E0
1.980295110E2,6.507789808E1,2.541631220E1,1.317390663E1,1.429999948E0,2.675000000E2,3.790092468E0,2.500000000E0
1.990289638E2,6.507789756E1,2.541628106E1,1.307533114E1,1.409999967E0,2.673999939E2,3.790092468E0,2.500000000E0
2.000338842E2,6.507789588E1,2.541624904E1,1.309485905E1,1.480000019E0,2.622000122E2,3.790092468E0,2.500000000E0
2.010387633E2,6.507789353E1,2.541622100E1,1.296540094E1,1.230000019E0,2.617000122E2,3.790092468E0,2.500000000E0
2.020275563E2,6.507789270E1,2.541620116E1,1.256036949E1,8.700000048E-1,2.643999939E2,3.790092468E0,2.500000000E0
2.030261266E2,6.507788850E1,2.541617956E1,1.186499502E1,1.529999971E0,2.388999939E2,3.790092468E0,2.500000000E0
2.040281988E2,6.507788579E1,2.541616840E1,1.202704310E1,2.500000000E-1,2.393000031E2,3.790092468E0,2.500000000E0
2.050411610E2,6.507788681E1,2.541617643E1,1.219153343E1,0.000000000E0,NaN,3.790092468E0,2.500000000E0
2.060316298E2,6.507788790E1,2.541618215E1,1.219995654E1,0.000000000E0,NaN,3.790092468E0,2.500000000E0
2.070301063E2,6.507788859E1,2.541618456E1,1.224359668E1,0.000000000E0,NaN,3.790092468E0,2.500000000E0
2.080298284E2,6.507788924E1,2.541618531E1,1.216583771E1,0.000000000E0,NaN,3.790092468E0,2.500000000E0
2.090316384E2,6.507788921E1,2.541618909E1,1.176733967E1,2.800000012E-1,2.395000000E2,3.790092468E0,2.500000000E0
2.100347196E2,6.507788731E1,2.541619427E1,1.187256574E1,3.700000048E-1,2.395000000E2,3.790092468E0,2.500000000E0
2.110279913E2,6.507788650E1,2.541620120E1,1.150421979E1,0.000000000E0,NaN,3.790092468E0,2.500000000E0
2.120293387E2,6.507788449E1,2.541620363E1,1.150287818E1,2.500000000E-1,2.395000000E2,3.790092468E0,2.500000000E0
2.130279287E2,6.507788271E1,2.541620697E1,1.144385836E1,2.500000000E-1,2.395000000E2,3.790092468E0,2.500000000E0
2.140306484E2,6.507788108E1,2.541620853E1,1.131476990E1,2.099999934E-1,2.395000000E2,3.790092468E0,2.500000000E0
2.150279594E2,6.507788139E1,2.541621148E1,1.147718469E1,0.000000000E0,NaN,3.790092468E0,2.500000000E0
2.160271648E2,6.507788216E1,2.541621294E1,1.153046824E1,0.000000000E0,NaN,3.790092468E0,2.500000000E0
2.170293566E2,6.507788175E1,2.541621293E1,1.148682828E1,0.000000000E0,NaN,3.790092468E0,2.500000000E0
2.180299779E2,6.507788114E1,2.541621178E1,1.135987526E1,0.000000000E0,NaN,3.790092468E0,2.500000000E0
2.190280058E2,6.507788104E1,2.541620863E1,1.126789493E1,0.000000000E0,NaN,3.790092468E0,2.500000000E0
2.200318759E2,6.507788172E1,2.541620578E1,1.140424682E1,0.000000000E0,NaN,3.790092468E0,2.500000000E0
2.210290774E2,6.507788154E1,2.541620291E1,1.144495698E1,0.000000000E0,NaN,3.790092468E0,2.500000000E0
2.220269651E2,6.507788130E1,2.541620074E1,1.158246902E1,0.000000000E0,NaN,3.790092468E0,2.500000000E0
2.230293919E2,6.507788142E1,2.541619965E1,1.167969783E1,0.000000000E0,NaN,3.790092468E0,2.500000000E0
2.240297744E2,6.507788093E1,2.541619716E1,1.174976609E1,0.000000000E0,NaN,3.790092468E0,2.500000000E0
2.250325006E2,6.507788053E1,2.541619733E1,1.183326237E1,0.000000000E0,NaN,3.790092468E0,2.500000000E0
2.260285835E2,6.507787941E1,2.541619224E1,1.192621875E1,3.100000024E-1,2.388999939E2,3.790092468E0,2.500000000E0
2.270284971E2,6.507787686E1,2.541617572E1,1.174970407E1,9.599999785E-1,2.391999969E2,3.790092468E0,2.500000000E0
2.280298401E2,6.507787377E1,2.541615937E1,1.204316035E1,6.600000262E-1,2.391999969E2,3.790092468E0,2.500000000E0
2.290291520E2,6.507786994E1,2.541613620E1,1.200031237E1,1.529999971E0,2.493000031E2,3.790092468E0,2.500000000E0
2.300291839E2,6.507786691E1,2.541610647E1,1.237915512E1,1.379999995E0,2.586000061E2,3.790092468E0,2.500000000E0
2.310370702E2,6.507786542E1,2.541607976E1,1.257092484E1,1.259999990E0,2.613999939E2,3.790092468E0,2.500000000E0
2.320319491E2,6.507786466E1,2.541605283E1,1.256768690E1,1.279999971E0,2.680000000E2,3.790092468E0,2.500000000E0
2.330325661E2,6.507786396E1,2.541602807E1,1.316808690E1,1.110000014E0,2.610000000E2,3.790092468E0,2.500000000E0
2.340273950E2,6.507786288E1,2.541600583E1,1.338500350E1,1.070000052E0,2.603999939E2,3.790092468E0,2.500000000E0
2.350283176E2,6.507786012E1,2.541598174E1,1.323375651E1,1.269999981E0,2.511000061E2,3.790092468E0,2.500000000E0
2.360295557E2,6.507785692E1,2.541595743E1,1.279955070E1,1.190000057E0,2.592999878E2,3.790092468E0,2.500000000E0
2.370281818E2,6.507785519E1,2.541593238E1,1.306138909E1,1.269999981E0,2.667000122E2,3.790092468E0,2.500000000E0
2.380293523E2,6.507785580E1,2.541590501E1,1.328514026E1,1.269999981E0,2.746000061E2,3.790092468E0,2.500000000E0
2.390301534E2,6.507785852E1,2.541588693E1,1.360813486E1,5.899999738E-1,2.681000061E2,3.790092468E0,2.500000000E0
2.400336117E2,6.507786112E1,2.541588379E1,1.380234723E1,2.800000012E-1,2.682000122E2,3.790092468E0,2.500000000E0
2.410272557E2,6.507786410E1,2.541589523E1,1.399534057E1,0.000000000E0,NaN,3.790092468E0,2.500000000E0
2.420268749E2,6.507786489E1,2.541590056E1,1.350828036E1,0.000000000E0,NaN,3.790092468E0,2.500000000E0
2.430281143E2,6.507786470E1,2.541590081E1,1.312375899E1,0.000000000E0,NaN,3.790092468E0,2.500000000E0
2.440305723E2,6.507786487E1,2.541590116E1,1.314023845E1,0.000000000E0,NaN,3.790092468E0,2.500000000E0
2.450307394E2,6.507786484E1,2.541590116E1,1.314652508E1,0.000000000E0,NaN,3.790092468E0,2.500000000E0
2.460312890E2,6.507786505E1,2.541590046E1,1.325705957E1,0.000000000E0,NaN,3.790092468E0,2.500000000E0
2.470304802E2,6.507786623E1,2.541589405E1,1.351255143E1,3.400000036E-1,2.792000122E2,3.790092468E0,2.500000000E0
2.480366872E2,6.507786599E1,2.541588629E1,1.452732106E1,4.000000060E-1,2.792000122E2,3.790092468E0,2.500000000E0
2.490297157E2,6.507786452E1,2.541587629E1,1.500144151E1,4.900000095E-1,2.792000122E2,3.790092468E0,2.500000000E0
2.500300341E2,6.507786420E1,2.541585842E1,1.543137103E1,9.499999881E-1,2.792999878E2,3.790092468E0,2.500000000E0
2.510280735E2,6.507786471E1,2.541583450E1,1.566946594E1,1.059999943E0,2.792999878E2,3.790092468E0,2.500000000E0
2.520314997E2,6.507786686E1,2.541580800E1,1.569686646E1,1.269999981E0,2.875000000E2,3.790092468E0,2.500000000E0
2.530298658E2,6.507787147E1,2.541577908E1,1.548903613E1,1.350000024E0,2.908999939E2,3.790092468E0,2.500000000E0
2.540303024E2,6.507787669E1,2.541574875E1,1.549788018E1,1.419999957E0,2.927999878E2,3.790092468E0,2.500000000E0
2.550299385E2,6.507788248E1,2.541571831E1,1.527613314E1,1.429999948E0,2.932999878E2,3.790092468E0,2.500000000E0
2.560286937E2,6.507788668E1,2.541568812E1,1.526636191E1,1.370000005E0,2.830000000E2,3.790092468E0,2.500000000E0
2.570310407E2,6.507788964E1,2.541565691E1,1.493371511E1,1.509999990E0,2.812999878E2,3.790092468E0,2.500000000E0
2.580318587E2,6.507788994E1,2.541563058E1,1.500646556E1,1.000000000E0,2.785000000E2,3.790092468E0,2.500000000E0
2.590291347E2,6.507788754E1,2.541560402E1,1.524920004E1,1.419999957E0,2.612000122E2,3.790092468E0,2.500000000E0
2.600289041E2,6.507788557E1,2.541557597E1,1.532829890E1,1.240000010E0,2.585000000E2,3.790092468E0,2.500000000E0
2.610269988E2,6.507788311E1,2.541555168E1,1.525352881E1,1.289999962E0,2.567000122E2,3.790092468E0,2.500000000E0
2.620277195E2,6.507788045E1,2.541552509E1,1.534831418E1,1.470000029E0,2.556000061E2,3.790092468E0,2.500000000E0
2.630316691E2,6.507787717E1,2.541550012E1,1.511637883E1,1.230000019E0,2.541000061E2,3.790092468E0,2.500000000E0
2.640295741E2,6.507787479E1,2.541547699E1,1.469688229E1,1.220000029E0,2.543000031E2,3.790092468E0,2.500000000E0
2.650308458E2,6.507787655E1,2.541546209E1,1.521244363E1,5.299999714E-1,3.198999939E2,3.790092468E0,2.500000000E0
2.660311220E2,6.507788220E1,2.541546355E1,1.528141113E1,0.000000000E0,NaN,3.790092468E0,2.500000000E0
2.670281593E2,6.507788422E1,2.541546516E1,1.523050715E1,0.000000000E0,NaN,3.790092468E0,2.500000000E0
2.680285185E2,6.507788488E1,2.541546437E1,1.531217181E1,0.000000000E0,NaN,3.790092468E0,2.500000000E0
2.690301002E2,6.507788513E1,2.541546494E1,1.522702773E1,0.000000000E0,NaN,3.790092468E0,2.500000000E0
2.700279179E2,6.507788506E1,2.541546366E1,1.539176149E1,0.000000000E0,NaN,3.790092468E0,2.500000000E0
2.710318959E2,6.507788511E1,2.541546117E1,1.554709563E1,0.000000000E0,NaN,3.790092468E0,2.500000000E0
2.720292026E2,6.507788513E1,2.541545911E1,1.574033266E1,0.000000000E0,NaN,3.790092468E0,2.500000000E0
2.730323583E2,6.507788479E1,2.541545800E1,1.599185854E1,0.000000000E0,NaN,3.790092468E0,2.500000000E0
2.740300424E2,6.507788424E1,2.541545647E1,1.618039618E1,0.000000000E0,NaN,3.790092468E0,2.500000000E0
2.750300304E2,6.507788372E1,2.541545521E1,1.621524732E1,0.000000000E0,NaN,3.790092468E0,2.500000000E0
2.760286100E2,6.507788337E1,2.541545454E1,1.624704670E1,0.000000000E0,NaN,3.790092468E0,2.500000000E0
2.770293415E2,6.507788324E1,2.541545366E1,1.628024977E1,0.000000000E0,NaN,3.790092468E0,2.500000000E0
2.780303818E2,6.507788235E1,2.541544758E1,1.675693395E1,5.000000000E-1,3.211000061E2,3.790092468E0,2.500000000E0
2.790299952E2,6.507788398E1,2.541543520E1,1.666623345E1,7.099999785E-1,3.208999939E2,3.790092468E0,2.500000000E0
2.800273898E2,6.507788602E1,2.541542674E1,1.702725446E1,2.099999934E-1,3.210000000E2,3.790092468E0,2.500000000E0
2.810278757E2,6.507788411E1,2.541540780E1,1.734848091E1,1.659999967E0,2.608999939E2,3.790092468E0,2.500000000E0
2.820323110E2,6.507788177E1,2.541537995E1,1.723922546E1,1.370000005E0,2.657999878E2,3.790092468E0,2.500000000E0
2.830283306E2,6.507788023E1,2.541535440E1,1.696981371E1,1.490000010E0,2.622999878E2,3.790092468E0,2.500000000E0
2.840306690E2,6.507787919E1,2.541532854E1,1.655251352E1,1.299999952E0,2.657000122E2,3.790092468E0,2.500000000E0
2.850283355E2,6.507788052E1,2.541529959E1,1.657826613E1,1.789999962E0,2.743999939E2,3.790092468E0,2.500000000E0
2.860298400E2,6.507788176E1,2.541527141E1,1.623756380E1,1.360000014E0,2.706000061E2,3.790092468E0,2.500000000E0
2.870287562E2,6.507788342E1,2.541524313E1,1.616035004E1,1.620000005E0,2.740000000E2,3.790092468E0,2.500000000E0
2.880296159E2,6.507788449E1,2.541521388E1,1.628369794E1,1.409999967E0,2.706000061E2,3.790092468E0,2.500000000E0
2.890301828E2,6.507788530E1,2.541518721E1,1.598962684E1,1.269999981E0,2.730000000E2,3.790092468E0,2.500000000E0
2.900297404E2,6.507788611E1,2.541517506E1,1.610437106E1,2.399999946E-1,2.737999878E2,3.790092468E0,2.500000000E0
2.910283142E2,6.507788619E1,2.541517506E1,1.628967376E1,0.000000000E0,NaN,3.790092468E0,2.500000000E0
2.920335597E2,6.507788475E1,2.541518248E1,1.646570070E1,0.000000000E0,NaN,3.790092468E0,2.500000000E0
2.930319351E2,6.507788382E1,2.541518630E1,1.639868498E1,0.000000000E0,NaN,3.790092468E0,2.500000000E0
2.940310574E2,6.507788335E1,2.541518730E1,1.632110962E1,0.000000000E0,NaN,3.790092468E0,2.500000000E0
2.950418375E2,6.507788310E1,2.541518697E1,1.622259894E1,0.000000000E0,NaN,3.790092468E0,2.500000000E0
2.960285835E2,6.507788297E1,2.541518776E1,1.637231834E1,0.000000000E0,NaN,3.790092468E0,2.500000000E0
2.970377786E2,6.507788405E1,2.541519118E1,1.610345845E1,2.500000000E-1,2.737000122E2,3.790092468E0,2.500000000E0
2.980281851E2,6.507788645E1,2.541519130E1,1.625751017E1,3.799999952E-1,2.737999878E2,3.790092468E0,2.500000000E0
2.990320349E2,6.507788661E1,2.541518771E1,1.612573475E1,0.000000000E0,NaN,3.790092468E0,2.500000000E0
3.000291361E2,6.507788590E1,2.541518485E1,1.635571516E1,0.000000000E0,NaN,3.790092468E0,2.500000000E0
3.010313830E2,6.507788527E1,2.541518159E1,1.629065154E1,0.000000000E0,NaN,3.790092468E0,2.500000000E0
3.020278087E2,6.507788467E1,2.541517999E1,1.623565892E1,0.000000000E0,NaN,3.790092468E0,2.500000000E0
3.030283096E2,6.507788441E1,2.541517909E1,1.622509983E1,0.000000000E0,NaN,3.790092468E0,2.500000000E0
3.040291983E2,6.507788422E1,2.541517621E1,1.640240668E1,0.000000000E0,NaN,3.790092468E0,2.500000000E0
3.050329046E2,6.507788414E1,2.541517679E1,1.615686235E1,0.000000000E0,NaN,3.790092468E0,2.500000000E0
3.060304563E2,6.507788465E1,2.541517489E1,1.625268709E1,1.599999964E-1,2.737000122E2,3.790092468E0,2.500000000E0
3.070289664E2,6.507788514E1,2.541517469E1,1.580468881E1,0.000000000E0,NaN,3.790092468E0,2.500000000E0
3.080271484E2,6.507788404E1,2.541517164E1,1.584668108E1,0.000000000E0,NaN,3.790092468E0,2.500000000E0
3.090296175E2,6.507788415E1,2.541516680E1,1.616558911E1,0.000000000E0,NaN,3.790092468E0,2.500000000E0
3.100303550E2,6.507788503E1,2.541516033E1,1.641558792E1,0.000000000E0,NaN,3.790092468E0,2.500000000E0
3.110299856E2,6.507788609E1,2.541515784E1,1.662957641E1,0.000000000E0,NaN,3.790092468E0,2.500000000E0
3.120293740E2,6.507788652E1,2.541515892E1,1.659069697E1,0.000000000E0,NaN,3.790092468E0,2.500000000E0
3.130316994E2,6.507788644E1,2.541515770E1,1.656872419E1,0.000000000E0,NaN,3.790092468E0,2.500000000E0
3.140312167E2,6.507788640E1,2.541515686E1,1.658599705E1,0.000000000E0,NaN,3.790092468E0,2.500000000E0
3.150316872E2,6.507788611E1,2.541515470E1,1.669055013E1,0.000000000E0,NaN,3.790092468E0,2.500000000E0
3.160332847E2,6.507788589E1,2.541515449E1,1.672143398E1,0.000000000E0,NaN,3.790092468E0,2.500000000E0
3.170290648E2,6.507788571E1,2.541515386E1,1.671417080E1,0.000000000E0,NaN,3.790092468E0,2.500000000E0
3.180319220E2,6.507788558E1,2.541515315E1,1.674261314E1,0.000000000E0,NaN,3.790092468E0,2.500000000E0
3.190337598E2,6.507788557E1,2.541515288E1,1.673321370E1,0.000000000E0,NaN,3.790092468E0,2.500000000E0
3.200309098E2,6.507788559E1,2.541515275E1,1.674163653E1,0.000000000E0,NaN,3.790092468E0,2.500000000E0
3.210292798E2,6.507788560E1,2.541515270E1,1.673931718E1,0.000000000E0,NaN,3.790092468E0,2.500000000E0
3.220301853E2,6.507788561E1,2.541515267E1,1.673443436E1,0.000000000E0,NaN,3.790092468E0,2.500000000E0
3.230318572E2,6.507788563E1,2.541515264E1,1.673437331E1,0.000000000E0,NaN,3.790092468E0,2.500000000E0
3.240306878E2,6.507788563E1,2.541515260E1,1.673528883E1,0.000000000E0,NaN,3.790092468E0,2.500000000E0
3.250310409E2,6.507788562E1,2.541515256E1,1.673534987E1,0.000000000E0,NaN,3.790092468E0,2.500000000E0
3.260310852E2,6.507788419E1,2.541514957E1,1.638293311E1,3.199999928E-1,2.737000122E2,3.790092468E0,2.500000000E0
3.270318052E2,6.507788245E1,2.541514642E1,1.517877085E1,0.000000000E0,NaN,3.790092468E0,2.500000000E0
3.280307833E2,6.507787874E1,2.541514775E1,1.500054995E1,0.000000000E0,NaN,3.790092468E0,2.500000000E0
3.290298931E2,6.507787511E1,2.541514719E1,1.500488492E1,0.000000000E0,NaN,3.790092468E0,2.500000000E0
3.300312106E2,6.507787174E1,2.541514454E1,1.486572587E1,0.000000000E0,NaN,3.790092468E0,2.500000000E0
3.310313718E2,6.507786782E1,2.541514291E1,1.503271952E1,3.400000036E-1,2.737000122E2,3.790092468E0,2.500000000E0
3.320346348E2,6.507786152E1,2.541513836E1,1.422540962E1,7.699999809E-1,2.737000122E2,3.790092468E0,2.500000000E0
3.330293513E2,6.507785349E1,2.541512508E1,1.358014769E1,1.250000000E0,2.353999939E2,3.790092468E0,2.500000000E0
3.340314991E2,6.507784851E1,2.541510136E1,1.327075961E1,1.360000014E0,2.576000061E2,3.790092468E0,2.500000000E0
3.350301412E2,6.507784759E1,2.541507603E1,1.347510251E1,1.029999971E0,2.726000061E2,3.790092468E0,2.500000000E0
3.360399328E2,6.507784827E1,2.541505248E1,1.378393713E1,1.210000038E0,2.610000000E2,3.790092468E0,2.500000000E0
3.370295246E2,6.507784922E1,2.541502576E1,1.327410669E1,1.399999976E0,2.721000061E2,3.790092468E0,2.500000000E0
3.380286936E2,6.507785039E1,2.541499877E1,1.357702026E1,1.279999971E0,2.716000061E2,3.790092468E0,2.500000000E0
3.390271301E2,6.507785212E1,2.541497449E1,1.366460191E1,1.179999948E0,2.771000061E2,3.790092468E0,2.500000000E0
3.400304254E2,6.507785461E1,2.541495140E1,1.388658279E1,1.139999986E0,2.757999878E2,3.790092468E0,2.500000000E0
3.410302902E2,6.507785701E1,2.541492731E1,1.381297033E1,1.240000010E0,2.772000122E2,3.790092468E0,2.500000000E0
3.420334310E2,6.507786011E1,2.541490093E1,1.412638120E1,1.370000005E0,2.803999939E2,3.790092468E0,2.500000000E0
3.430319221E2,6.507786403E1,2.541487341E1,1.428164949E1,1.330000043E0,2.793999939E2,3.790092468E0,2.500000000E0
3.440277351E2,6.507787088E1,2.541484489E1,1.451778798E1,1.610000014E0,2.797000122E2,3.790092468E0,2.500000000E0
3.450284423E2,6.507787596E1,2.541481695E1,1.490163238E1,1.299999952E0,2.810000000E2,3.790092468E0,2.500000000E0
3.460314741E2,6.507788053E1,2.541479211E1,1.491041636E1,1.279999971E0,2.892000122E2,3.790092468E0,2.500000000E0
3.470319432E2,6.507788164E1,2.541476709E1,1.506519788E1,1.139999986E0,2.725000000E2,3.790092468E0,2.500000000E0
3.480311493E2,6.507788133E1,2.541474424E1,1.513031964E1,1.009999990E0,2.746000061E2,3.790092468E0,2.500000000E0
3.490302123E2,6.507788086E1,2.541471884E1,1.556665696E1,1.279999971E0,2.693999939E2,3.790092468E0,2.500000000E0
3.500346450E2,6.507787935E1,2.541469003E1,1.529175162E1,1.320000052E0,2.663999939E2,3.790092468E0,2.500000000E0
3.510317697E2,6.507787831E1,2.541466477E1,1.555932700E1,9.900000095E-1,2.645000000E2,3.790092468E0,2.500000000E0
3.520313973E2,6.507787801E1,2.541464725E1,1.542681759E1,6.999999881E-1,2.647000122E2,3.790092468E0,2.500000000E0
3.530316090E2,6.507787736E1,2.541462987E1,1.538787524E1,8.999999762E-1,2.642999878E2,3.790092468E0,2.500000000E0
3.540311382E2,6.507787550E1,2.541461274E1,1.528277133E1,8.100000024E-1,2.360000000E2,3.790092468E0,2.500000000E0
3.550305574E2,6.507787300E1,2.541459816E1,1.495965044E1,6.399999857E-1,2.361000061E2,3.790092468E0,2.500000000E0
3.560285311E2,6.507787235E1,2.541459113E1,1.503569963E1,2.199999988E-1,2.361999969E2,3.790092468E0,2.500000000E0
3.570290260E2,6.507787386E1,2.541459000E1,1.533977599E1,0.000000000E0,NaN,3.790092468E0,2.500000000E0
3.580281692E2,6.507787466E1,2.541458558E1,1.485161591E1,2.500000000E-1,2.361999969E2,3.790092468E0,2.500000000E0
3.590280189E2,6.507787510E1,2.541457739E1,1.452892182E1,2.199999988E-1,2.361999969E2,3.790092468E0,2.500000000E0
3.600269272E2,6.507787619E1,2.541457004E1,1.429326369E1,0.000000000E0,NaN,3.790092468E0,2.500000000E0
3.610293051E2,6.507787619E1,2.541456729E1,1.400267496E1,0.000000000E0,NaN,3.790092468E0,2.500000000E0
3.620302360E2,6.507787631E1,2.541456781E1,1.397819988E1,0.000000000E0,NaN,3.790092468E0,2.500000000E0
3.630300074E2,6.507787653E1,2.541456781E1,1.377818758E1,0.000000000E0,NaN,3.790092468E0,2.500000000E0
3.640315205E2,6.507787559E1,2.541456781E1,1.356468700E1,0.000000000E0,NaN,3.790092468E0,2.500000000E0
3.650332285E2,6.507787578E1,2.541456910E1,1.339238484E1,0.000000000E0,NaN,3.790092468E0,2.500000000E0
3.660301647E2,6.507787550E1,2.541457062E1,1.351646962E1,1.700000018E-1,2.361999969E2,3.790092468E0,2.500000000E0
3.670295621E2,6.507787496E1,2.541457246E1,1.354735387E1,0.000000000E0,NaN,3.790092468E0,2.500000000E0
3.680329802E2,6.507787518E1,2.541457015E1,1.377947019E1,0.000000000E0,NaN,3.790092468E0,2.500000000E0
3.690324563E2,6.507787520E1,2.541456741E1,1.414561973E1,0.000000000E0,NaN,3.790092468E0,2.500000000E0
3.700334516E2,6.507787455E1,2.541456650E1,1.428075173E1,0.000000000E0,NaN,3.790092468E0,2.500000000E0
3.710312517E2,6.507787201E1,2.541456375E1,1.368095999E1,5.099999905E-1,2.361999969E2,3.790092468E0,2.500000000E0
3.720353943E2,6.507786856E1,2.541455675E1,1.323766224E1,6.100000143E-1,2.611000061E2,3.790092468E0,2.500000000E0
3.730374464E2,6.507786546E1,2.541453708E1,1.319402094E1,1.379999995E0,2.545000000E2,3.790092468E0,2.500000000E0
3.740334821E2,6.507786245E1,2.541451235E1,1.303880670E1,1.100000024E0,2.572000122E2,3.790092468E0,2.500000000E0
3.750304113E2,6.507786052E1,2.541448836E1,1.257682939E1,1.330000043E0,2.598999939E2,3.790092468E0,2.500000000E0
3.760340447E2,6.507785877E1,2.541445969E1,1.221549839E1,1.539999962E0,2.608999939E2,3.790092468E0,2.500000000E0
3.770335468E2,6.507785726E1,2.541443132E1,1.202238022E1,1.299999952E0,2.651000061E2,3.790092468E0,2.500000000E0
3.780307950E2,6.507785637E1,2.541440299E1,1.178885651E1,1.429999948E0,2.650000000E2,3.790092468E0,2.500000000E0
3.790308507E2,6.507785535E1,2.541437571E1,1.164206395E1,1.299999952E0,2.652000122E2,3.790092468E0,2.500000000E0
3.800332054E2,6.507785544E1,2.541434864E1,1.171853754E1,1.360000014E0,2.727999878E2,3.790092468E0,2.500000000E0
3.810302955E2,6.507785643E1,2.541432529E1,1.163009423E1,1.120000005E0,2.677999878E2,3.790092468E0,2.500000000E0
3.820387045E2,6.507785812E1,2.541430019E1,1.144112549E1,1.379999995E0,2.807999878E2,3.790092468E0,2.500000000E0
3.830304208E2,6.507785988E1,2.541427212E1,1.137257871E1,1.360000014E0,2.778999939E2,3.790092468E0,2.500000000E0
3.840298280E2,6.507786172E1,2.541424745E1,1.112489415E1,1.120000005E0,2.778999939E2,3.790092468E0,2.500000000E0
3.850304678E2,6.507786296E1,2.541421963E1,1.129993893E1,1.480000019E0,2.751000061E2,3.790092468E0,2.500000000E0
3.860283038E2,6.507786438E1,2.541419257E1,1.116187338E1,1.139999986E0,2.798999939E2,3.790092468E0,2.500000000E0
3.870296318E2,6.507786420E1,2.541416832E1,1.140356961E1,1.149999976E0,2.685000000E2,3.790092468E0,2.500000000E0
3.880326833E2,6.507786398E1,2.541414023E1,1.150122241E1,1.340000033E0,2.721000061E2,3.790092468E0,2.500000000E0
3.890292481E2,6.507786607E1,2.541411190E1,1.199798307E1,1.350000024E0,2.816000061E2,3.790092468E0,2.500000000E0
3.900316152E2,6.507787033E1,2.541408524E1,1.187682310E1,1.230000019E0,2.935000000E2,3.790092468E0,2.500000000E0
3.910467837E2,6.507787415E1,2.541406054E1,1.231498973E1,1.149999976E0,2.896000061E2,3.790092468E0,2.500000000E0
3.920356849E2,6.507787469E1,2.541403284E1,1.255729557E1,1.409999967E0,2.673999939E2,3.790092468E0,2.500000000E0
3.930307422E2,6.507787318E1,2.541400396E1,1.277775155E1,1.250000000E0,2.612000122E2,3.790092468E0,2.500000000E0
3.940306738E2,6.507787226E1,2.541397640E1,1.263633001E1,1.289999962E0,2.655000000E2,3.790092468E0,2.500000000E0
3.950353134E2,6.507787262E1,2.541394816E1,1.250619933E1,1.389999986E0,2.736000061E2,3.790092468E0,2.500000000E0
3.960323621E2,6.507787374E1,2.541392215E1,1.237515309E1,1.169999957E0,2.706000061E2,3.790092468E0,2.500000000E0
3.970318254E2,6.507787446E1,2.541389885E1,1.198373138E1,1.120000005E0,2.686000061E2,3.790092468E0,2.500000000E0
3.980307933E2,6.507787617E1,2.541387013E1,1.206862692E1,1.620000005E0,2.767000122E2,3.790092468E0,2.500000000E0
3.990297574E2,6.507787904E1,2.541384104E1,1.216261616E1,1.220000029E0,2.818999939E2,3.790092468E0,2.500000000E0
4.000291084E2,6.507788236E1,2.541381545E1,1.221259930E1,1.259999990E0,2.847999878E2,3.790092468E0,2.500000000E0
4.010283382E2,6.507788459E1,2.541378850E1,1.191163059E1,1.259999990E0,2.766000061E2,3.790092468E0,2.500000000E0
4.020295672E2,6.507788452E1,2.541376391E1,1.174658845E1,1.100000024E0,2.646000061E2,3.790092468E0,2.500000000E0
4.030288635E2,6.507788317E1,2.541374432E1,1.177570032E1,8.100000024E-1,2.535000000E2,3.790092468E0,2.500000000E0
4.040308720E2,6.507788168E1,2.541373598E1,1.193487959E1,2.199999988E-1,2.533999939E2,3.790092468E0,2.500000000E0
4.050326028E2,6.507788109E1,2.541372855E1,1.185211523E1,5.799999833E-1,2.535000000E2,3.790092468E0,2.500000000E0
4.060365819E2,6.507788130E1,2.541371555E1,1.189026047E1,7.400000095E-1,2.536999969E2,3.790092468E0,2.500000000E0
4.070318797E2,6.507788178E1,2.541370282E1,1.196289049E1,5.799999833E-1,2.538000031E2,3.790092468E0,2.500000000E0
4.080326198E2,6.507788359E1,2.541369136E1,1.176171640E1,5.899999738E-1,2.541000061E2,3.790092468E0,2.500000000E0
4.090315124E2,6.507788727E1,2.541368251E1,1.187542220E1,5.199999809E-1,2.538999939E2,3.790092468E0,2.500000000E0
4.100309055E2,6.507789039E1,2.541368020E1,1.189037419E1,1.700000018E-1,2.540000000E2,3.790092468E0,2.500000000E0
4.110286426E2,6.507789246E1,2.541368212E1,1.183861573E1,0.000000000E0,NaN,3.790092468E0,2.500000000E0
4.120334034E2,6.507789077E1,2.541369081E1,1.165935730E1,7.099999785E-1,1.475000000E2,3.790092468E0,2.500000000E0
4.130316026E2,6.507788618E1,2.541370123E1,1.159600609E1,5.500000119E-1,1.475000000E2,3.790092468E0,2.500000000E0
4.140308837E2,6.507788448E1,2.541370539E1,1.178161525E1,0.000000000E0,NaN,3.790092468E0,2.500000000E0
4.150319487E2,6.507788362E1,2.541370559E1,1.180834904E1,2.300000042E-1,1.475000000E2,3.790092468E0,2.500000000E0
4.160289186E2,6.507788390E1,2.541370529E1,1.167047046E1,0.000000000E0,NaN,3.790092468E0,2.500000000E0
4.170284509E2,6.507788255E1,2.541370221E1,1.176330512E1,2.500000000E-1,1.475000000E2,3.790092468E0,2.500000000E0
4.180291560E2,6.507787926E1,2.541369916E1,1.163305712E1,3.499999940E-1,1.476000061E2,3.790092468E0,2.500000000E0
4.190286903E2,6.507787799E1,2.541368950E1,1.192742900E1,7.099999785E-1,1.475000000E2,3.790092468E0,2.500000000E0
4.200279487E2,6.507787809E1,2.541368239E1,1.222259408E1,2.599999905E-1,1.475000000E2,3.790092468E0,2.500000000E0
4.210273270E2,6.507787984E1,2.541368533E1,1.215887300E1,0.000000000E0,NaN,3.790092468E0,2.500000000E0
4.220298800E2,6.507788094E1,2.541368563E1,1.196020313E1,0.000000000E0,NaN,3.790092468E0,2.500000000E0
4.230305878E2,6.507788124E1,2.541368463E1,1.195367212E1,2.500000000E-1,1.475000000E2,3.790092468E0,2.500000000E0
4.240282169E2,6.507788133E1,2.541368095E1,1.198199192E1,0.000000000E0,NaN,3.790092468E0,2.500000000E0
4.250301526E2,6.507788186E1,2.541367741E1,1.194414945E1,0.000000000E0,NaN,3.790092468E0,2.500000000E0
4.260283217E2,6.507788287E1,2.541367370E1,1.213585998E1,1.800000072E-1,1.475000000E2,3.790092468E0,2.500000000E0
4.270281469E2,6.507788637E1,2.541367081E1,1.204137570E1,4.600000083E-1,1.500000000E1,3.790092468E0,2.500000000E0
4.280306972E2,6.507789176E1,2.541366567E1,1.202580878E1,7.099999785E-1,1.460000038E1,3.790092468E0,2.500000000E0
4.290297675E2,6.507790254E1,2.541365973E1,1.203007588E1,1.529999971E0,3.502999878E2,3.790092468E0,2.500000000E0
4.300313497E2,6.507791332E1,2.541365331E1,1.181699673E1,9.200000167E-1,3.522000122E2,3.790092468E0,2.500000000E0
4.310301093E2,6.507792315E1,2.541365162E1,1.202042249E1,1.299999952E0,1.000000000E0,3.790092468E0,2.500000000E0
4.320309143E2,6.507793015E1,2.541365028E1,1.234122011E1,5.000000000E-1,3.561000061E2,3.790092468E0,2.500000000E0
4.330303147E2,6.507793366E1,2.541364642E1,1.229885972E1,6.800000072E-1,3.557000122E2,3.790092468E0,2.500000000E0
4.340320400E2,6.507794191E1,2.541363967E1,1.235421422E1,1.470000029E0,3.442000122E2,3.790092468E0,2.500000000E0
4.350307244E2,6.507794877E1,2.541363293E1,1.252339989E1,5.600000024E-1,3.500000000E2,3.790092468E0,2.500000000E0
4.360297410E2,6.507795896E1,2.541362514E1,1.288478371E1,1.950000048E0,3.467000122E2,3.790092468E0,2.500000000E0
4.370296967E2,6.507797049E1,2.541361306E1,1.301026553E1,1.179999948E0,3.347000122E2,3.790092468E0,2.500000000E0
4.380313891E2,6.507797856E1,2.541360207E1,1.304016792E1,1.149999976E0,3.382000122E2,3.790092468E0,2.500000000E0
4.390295973E2,6.507798792E1,2.541359414E1,1.332476985E1,1.269999981E0,3.461000061E2,3.790092468E0,2.500000000E0
4.400309402E2,6.507799676E1,2.541359330E1,1.335522251E1,9.200000167E-1,3.299999952E0,3.790092468E0,2.500000000E0
4.410306133E2,6.507800565E1,2.541359829E1,1.341820762E1,1.230000019E0,1.550000000E1,3.790092468E0,2.500000000E0
4.420281913E2,6.507801634E1,2.541360984E1,1.319499894E1,1.490000010E0,2.550000000E1,3.790092468E0,2.500000000E0
4.430345427E2,6.507802661E1,2.541362854E1,1.314323910E1,1.509999990E0,5.159999847E1,3.790092468E0,2.500000000E0
4.440324423E2,6.507803723E1,2.541365545E1,1.239793767E1,1.870000005E0,5.159999847E1,3.790092468E0,2.500000000E0
4.450338256E2,6.507804706E1,2.541367868E1,1.313310486E1,1.210000038E0,4.659999847E1,3.790092468E0,2.500000000E0
4.460345626E2,6.507805668E1,2.541369428E1,1.288639862E1,1.330000043E0,3.729999924E1,3.790092468E0,2.500000000E0
4.470299889E2,6.507806902E1,2.541370573E1,1.330057936E1,1.399999976E0,2.200000000E1,3.790092468E0,2.500000000E0
4.480302367E2,6.507808242E1,2.541371011E1,1.357742966E1,1.320000052E0,8.199999809E0,3.790092468E0,2.500000000E0
4.490315764E2,6.507809565E1,2.541370822E1,1.392422552E1,1.320000052E0,3.597000122E2,3.790092468E0,2.500000000E0
4.500324482E2,6.507810738E1,2.541370613E1,1.448372952E1,1.059999943E0,3.572999878E2,3.790092468E0,2.500000000E0
4.510314691E2,6.507811774E1,2.541370613E1,1.411049511E1,1.029999971E0,6.000000000E0,3.790092468E0,2.500000000E0
4.520326719E2,6.507812754E1,2.541370882E1,1.423201226E1,9.399999976E-1,1.000000000E0,3.790092468E0,2.500000000E0
4.530305297E2,6.507813612E1,2.541371048E1,1.422907911E1,8.000000119E-1,8.999999762E-1,3.790092468E0,2.500000000E0
4.540332425E2,6.507814398E1,2.541370811E1,1.399201490E1,8.100000024E-1,3.362999878E2,3.790092468E0,2.500000000E0
4.550314873E2,6.507815279E1,2.541369713E1,1.373602830E1,1.250000000E0,3.330000000E2,3.790092468E0,2.500000000E0
4.560324825E2,6.507816226E1,2.541368332E1,1.407568315E1,1.159999967E0,3.332999878E2,3.790092468E0,2.500000000E0
4.570340469E2,6.507817042E1,2.541367343E1,1.356890351E1,8.700000048E-1,3.392999878E2,3.790092468E0,2.500000000E0
4.580292937E2,6.507818063E1,2.541367059E1,1.355333482E1,1.330000043E0,3.398999939E2,3.790092468E0,2.500000000E0
4.590338486E2,6.507818964E1,2.541367175E1,1.338194439E1,7.200000286E-1,3.000000000E0,3.790092468E0,2.500000000E0
4.600323519E2,6.507819915E1,2.541367077E1,1.383207448E1,1.409999967E0,3.567999878E2,3.790092468E0,2.500000000E0
4.610281994E2,6.507820915E1,2.541366508E1,1.348538980E1,9.900000095E-1,3.421000061E2,3.790092468E0,2.500000000E0
4.620303613E2,6.507821497E1,2.541365675E1,1.396548879E1,5.600000024E-1,2.000000000E0,3.790092468E0,2.500000000E0
4.630306833E2,6.507821988E1,2.541364663E1,1.385153277E1,8.500000238E-1,3.125000000E2,3.790092468E0,2.500000000E0
4.640315419E2,6.507822405E1,2.541363653E1,1.380734026E1,5.600000024E-1,3.126000061E2,3.790092468E0,2.500000000E0
4.650325903E2,6.507822927E1,2.541361349E1,1.404409048E1,1.799999952E0,2.972000122E2,3.790092468E0,2.500000000E0
4.660426483E2,6.507823608E1,2.541358557E1,1.341932817E1,1.320000052E0,3.012000122E2,3.790092468E0,2.500000000E0
4.670338697E2,6.507824157E1,2.541356238E1,1.284797279E1,1.309999943E0,2.976000061E2,3.790092468E0,2.500000000E0
4.680300310E2,6.507824686E1,2.541353721E1,1.275726910E1,1.440000057E0,3.000000000E2,3.790092468E0,2.500000000E0
4.690320000E2,6.507825146E1,2.541351069E1,1.242401182E1,1.320000052E0,2.938999939E2,3.790092468E0,2.500000000E0
4.700319456E2,6.507825581E1,2.541348740E1,1.224798162E1,1.120000005E0,2.952999878E2,3.790092468E0,2.500000000E0
4.710320291E2,6.507825805E1,2.541347532E1,1.193023011E1,3.300000131E-1,2.905000000E2,3.790092468E0,2.500000000E0
4.720310293E2,6.507825845E1,2.541347441E1,1.156798617E1,0.000000000E0,NaN,3.790092468E0,2.500000000E0
4.730326476E2,6.507825898E1,2.541348319E1,1.124169311E1,0.000000000E0,NaN,3.790092468E0,2.500000000E0
4.740395903E2,6.507825914E1,2.541349154E1,1.097728980E1,0.000000000E0,NaN,3.790092468E0,2.500000000E0
4.750317078E2,6.507825911E1,2.541349705E1,1.096215379E1,0.000000000E0,NaN,3.790092468E0,2.500000000E0
4.760316320E2,6.507825944E1,2.541350194E1,1.102184665E1,0.000000000E0,NaN,3.790092468E0,2.500000000E0
4.770333463E2,6.507825995E1,2.541350241E1,1.109521075E1,0.000000000E0,NaN,3.790092468E0,2.500000000E0
4.780308916E2,6.507826074E1,2.541350219E1,1.116216595E1,0.000000000E0,NaN,3.790092468E0,2.500000000E0
4.790308476E2,6.507826400E1,2.541350304E1,1.095940588E1,6.100000143E-1,2.905000000E2,3.790092468E0,2.500000000E0
4.800291835E2,6.507827446E1,2.541350883E1,1.103789335E1,1.620000005E0,1.519999981E1,3.790092468E0,2.500000000E0
4.810320933E2,6.507828599E1,2.541351774E1,1.101451308E1,1.080000043E0,1.189999962E1,3.790092468E0,2.500000000E0
4.820286415E2,6.507829646E1,2.541352327E1,1.104777346E1,1.250000000E0,1.080000019E1,3.790092468E0,2.500000000E0
4.830321041E2,6.507830727E1,2.541352995E1,1.129441275E1,1.110000014E0,3.139999962E1,3.790092468E0,2.500000000E0
4.840283695E2,6.507831466E1,2.541353518E1,1.104361680E1,6.700000167E-1,3.100000000E1,3.790092468E0,2.500000000E0
4.850299365E2,6.507831539E1,2.541353743E1,1.118473005E1,0.000000000E0,NaN,3.790092468E0,2.500000000E0
4.860268615E2,6.507831441E1,2.541353712E1,1.126242819E1,0.000000000E0,NaN,3.790092468E0,2.500000000E0
4.870284990E2,6.507831420E1,2.541354019E1,1.092295113E1,2.199999988E-1,3.110000038E1,3.790092468E0,2.500000000E0
4.880285637E2,6.507831877E1,2.541353967E1,1.066739491E1,8.299999833E-1,3.466000061E2,3.790092468E0,2.500000000E0
4.890288815E2,6.507832571E1,2.541353799E1,1.105996985E1,8.899999857E-1,3.467999878E2,3.790092468E0,2.500000000E0
4.900308069E2,6.507833562E1,2.541353340E1,1.144662275E1,1.480000019E0,3.491000061E2,3.790092468E0,2.500000000E0
4.910304366E2,6.507834570E1,2.541353062E1,1.085555363E1,1.120000005E0,1.000000000E0,3.790092468E0,2.500000000E0
4.920293026E2,6.507835558E1,2.541353408E1,1.089095023E1,1.340000033E0,1.280000019E1,3.790092468E0,2.500000000E0
4.930310040E2,6.507836573E1,2.541354067E1,1.049098335E1,1.299999952E0,2.260000038E1,3.790092468E0,2.500000000E0
4.940305243E2,6.507837440E1,2.541354845E1,1.059193278E1,1.009999990E0,2.289999962E1,3.790092468E0,2.500000000E0
4.950302093E2,6.507838114E1,2.541355632E1,1.048878148E1,9.300000072E-1,2.189999962E1,3.790092468E0,2.500000000E0
4.960273984E2,6.507838711E1,2.541356302E1,1.053888964E1,7.799999714E-1,2.179999924E1,3.790092468E0,2.500000000E0
4.970279973E2,6.507839413E1,2.541358009E1,1.042841517E1,1.639999986E0,4.650000000E1,3.790092468E0,2.500000000E0
4.980295999E2,6.507840182E1,2.541360819E1,1.064093985E1,1.649999976E0,5.629999924E1,3.790092468E0,2.500000000E0
4.990269817E2,6.507840563E1,2.541363847E1,1.040259978E1,1.480000019E0,6.919999695E1,3.790092468E0,2.500000000E0
5.000356537E2,6.507840787E1,2.541366091E1,1.036030430E1,9.900000095E-1,6.300000000E1,3.790092468E0,2.500000000E0
5.010302212E2,6.507841377E1,2.541367688E1,1.025575058E1,1.470000029E0,1.860000038E1,3.790092468E0,2.500000000E0
5.020283298E2,6.507842368E1,2.541369227E1,1.018067506E1,1.470000029E0,2.910000038E1,3.790092468E0,2.500000000E0
5.030360799E2,6.507843477E1,2.541370434E1,9.912910615E0,1.379999995E0,1.960000038E1,3.790092468E0,2.500000000E0
5.040300646E2,6.507844434E1,2.541371757E1,9.929814940E0,1.240000010E0,1.960000038E1,3.790092468E0,2.500000000E0
5.050316687E2,6.507845249E1,2.541372606E1,1.001043997E1,1.059999943E0,7.099999905E0,3.790092468E0,2.500000000E0
5.060281984E2,6.507846268E1,2.541373068E1,9.968077805E0,1.320000052E0,1.150000000E1,3.790092468E0,2.500000000E0
5.070338001E2,6.507847486E1,2.541372865E1,1.026232283E1,1.429999948E0,3.507999878E2,3.790092468E0,2.500000000E0
5.080336914E2,6.507848838E1,2.541372497E1,1.048002898E1,1.539999962E0,3.588999939E2,3.790092468E0,2.500000000E0
5.090317112E2,6.507850104E1,2.541371903E1,1.004679528E1,1.399999976E0,3.468999939E2,3.790092468E0,2.500000000E0
5.100311139E2,6.507851304E1,2.541371079E1,1.004715532E1,1.460000038E0,3.488999939E2,3.790092468E0,2.500000000E0
5.110297851E2,6.507852456E1,2.541370261E1,1.020254486E1,1.320000052E0,3.428999939E2,3.790092468E0,2.500000000E0
5.120296788E2,6.507853589E1,2.541369810E1,1.003377724E1,1.370000005E0,3.560000000E2,3.790092468E0,2.500000000E0
5.130308758E2,6.507854711E1,2.541369544E1,9.971088997E0,1.299999952E0,3.567000122E2,3.790092468E0,2.500000000E0
5.140312083E2,6.507855842E1,2.541369251E1,1.024757305E1,1.330000043E0,3.571000061E2,3.790092468E0,2.500000000E0
5.150306941E2,6.507857037E1,2.541369370E1,1.025025364E1,1.460000038E0,4.199999809E0,3.790092468E0,2.500000000E0
5.160339342E2,6.507858271E1,2.541369978E1,1.084406017E1,1.399999976E0,1.530000019E1,3.790092468E0,2.500000000E0
5.170320458E2,6.507859483E1,2.541370900E1,1.091406348E1,1.299999952E0,1.650000000E1,3.790092468E0,2.500000000E0
5.180309965E2,6.507860782E1,2.541371504E1,1.112243272E1,1.490000010E0,4.599999905E0,3.790092468E0,2.500000000E0
5.190321276E2,6.507862085E1,2.541371582E1,1.097521045E1,1.360000014E0,3.547000122E2,3.790092468E0,2.500000000E0
5.200306394E2,6.507863334E1,2.541370996E1,1.129643239E1,1.379999995E0,3.472999878E2,3.790092468E0,2.500000000E0
5.210286591E2,6.507864597E1,2.541369879E1,1.156223368E1,1.460000038E0,3.397999878E2,3.790092468E0,2.500000000E0
5.220309255E2,6.507865951E1,2.541368542E1,1.212167443E1,1.490000010E0,3.395000000E2,3.790092468E0,2.500000000E0
5.230329312E2,6.507867298E1,2.541367406E1,1.246914038E1,1.399999976E0,3.522999878E2,3.790092468E0,2.500000000E0
5.240322482E2,6.507868732E1,2.541367382E1,1.231135834E1,1.639999986E0,3.522999878E2,3.790092468E0,2.500000000E0
5.250340454E2,6.507870214E1,2.541367687E1,1.292054428E1,1.419999957E0,3.577000122E2,3.790092468E0,2.500000000E0
5.260312604E2,6.507871628E1,2.541367949E1,1.324555078E1,1.389999986E0,4.900000095E0,3.790092468E0,2.500000000E0
5.270328017E2,6.507872904E1,2.541368000E1,1.336901951E1,1.169999957E0,3.513999939E2,3.790092468E0,2.500000000E0
5.280324939E2,6.507873687E1,2.541368185E1,1.345965360E1,4.600000083E-1,3.522999878E2,3.790092468E0,2.500000000E0
5.290317893E2,6.507873916E1,2.541369300E1,1.318304271E1,0.000000000E0,NaN,3.790092468E0,2.500000000E0
5.300331271E2,6.507874132E1,2.541369599E1,1.295647967E1,2.700000107E-1,3.522999878E2,3.790092468E0,2.500000000E0
5.310291230E2,6.507874701E1,2.541369644E1,1.312786401E1,7.699999809E-1,3.523999939E2,3.790092468E0,2.500000000E0
5.320341298E2,6.507875713E1,2.541369713E1,1.357774991E1,1.330000043E0,4.000000060E-1,3.790092468E0,2.500000000E0
5.330333680E2,6.507876970E1,2.541369580E1,1.402641380E1,1.370000005E0,3.599989929E2,3.790092468E0,2.500000000E0
5.340349685E2,6.507878326E1,2.541369482E1,1.428104655E1,1.500000000E0,1.200000048E0,3.790092468E0,2.500000000E0
5.350325775E2,6.507879813E1,2.541369328E1,1.466708736E1,1.610000014E0,4.000000060E-1,3.790092468E0,2.500000000E0
5.360301985E2,6.507881204E1,2.541369109E1,1.437514998E1,1.389999986E0,6.000000238E-1,3.790092468E0,2.500000000E0
5.370340678E2,6.507882509E1,2.541368865E1,1.436879644E1,1.429999948E0,3.592000122E2,3.790092468E0,2.500000000E0
5.380300226E2,6.507883782E1,2.541368399E1,1.429078747E1,1.350000024E0,3.578999939E2,3.790092468E0,2.500000000E0
5.390326720E2,6.507885027E1,2.541368055E1,1.419953415E1,1.370000005E0,2.000000030E-1,3.790092468E0,2.500000000E0
5.400347108E2,6.507886220E1,2.541367797E1,1.431348136E1,1.330000043E0,1.000000000E0,3.790092468E0,2.500000000E0
5.410304598E2,6.507887353E1,2.541367461E1,1.438922072E1,1.240000010E0,5.000000000E-1,3.790092468E0,2.500000000E0
5.420308579E2,6.507888412E1,2.541366950E1,1.429760177E1,1.200000048E0,3.548999939E2,3.790092468E0,2.500000000E0
5.430302916E2,6.507889554E1,2.541366288E1,1.404185874E1,1.389999986E0,3.552000122E2,3.790092468E0,2.500000000E0
5.440298942E2,6.507890772E1,2.541365846E1,1.393943598E1,1.360000014E0,3.596000061E2,3.790092468E0,2.500000000E0
5.450345780E2,6.507891937E1,2.541365528E1,1.398624456E1,1.289999962E0,3.577000122E2,3.790092468E0,2.500000000E0
5.460347595E2,6.507893148E1,2.541365195E1,1.410629511E1,1.399999976E0,2.000000030E-1,3.790092468E0,2.500000000E0
5.470301692E2,6.507894349E1,2.541364856E1,1.444155566E1,1.309999943E0,3.582000122E2,3.790092468E0,2.500000000E0
5.480350139E2,6.507895554E1,2.541364758E1,1.435359872E1,1.330000043E0,3.400000095E0,3.790092468E0,2.500000000E0
5.490326392E2,6.507896667E1,2.541364732E1,1.473634539E1,1.159999967E0,4.699999809E0,3.790092468E0,2.500000000E0
5.500312011E2,6.507897757E1,2.541364654E1,1.435883819E1,1.269999981E0,3.586000061E2,3.790092468E0,2.500000000E0
5.510350591E2,6.507898830E1,2.541364375E1,1.444898217E1,1.110000014E0,3.578999939E2,3.790092468E0,2.500000000E0
5.520344142E2,6.507899959E1,2.541364333E1,1.456921655E1,1.379999995E0,1.130000019E1,3.790092468E0,2.500000000E0
5.530346597E2,6.507901110E1,2.541364933E1,1.464990087E1,1.330000043E0,2.029999924E1,3.790092468E0,2.500000000E0
5.540325875E2,6.507901994E1,2.541365919E1,1.452300625E1,9.399999976E-1,1.230000019E1,3.790092468E0,2.500000000E0
5.550324293E2,6.507902955E1,2.541366943E1,1.478649222E1,1.440000057E0,2.470000076E1,3.790092468E0,2.500000000E0
5.560359472E2,6.507904133E1,2.541368357E1,1.464153049E1,1.480000019E0,2.460000038E1,3.790092468E0,2.500000000E0
5.570352135E2,6.507905187E1,2.541369680E1,1.479649593E1,1.250000000E0,2.679999924E1,3.790092468E0,2.500000000E0
5.580356297E2,6.507906179E1,2.541370843E1,1.523448145E1,1.269999981E0,2.920000076E1,3.790092468E0,2.500000000E0
5.590335824E2,6.507907237E1,2.541372266E1,1.511423948E1,1.360000014E0,2.760000038E1,3.790092468E0,2.500000000E0
5.600335994E2,6.507908180E1,2.541374132E1,1.555112747E1,1.429999948E0,4.000000000E1,3.790092468E0,2.500000000E0
5.610302281E2,6.507908762E1,2.541376784E1,1.516093061E1,1.399999976E0,6.500000000E1,3.790092468E0,2.500000000E0
5.620318463E2,6.507908889E1,2.541380163E1,1.515232842E1,1.570000052E0,8.559999847E1,3.790092468E0,2.500000000E0
5.630322145E2,6.507908775E1,2.541383617E1,1.507286553E1,1.480000019E0,9.330000305E1,3.790092468E0,2.500000000E0
5.640302084E2,6.507908627E1,2.541387376E1,1.414440415E1,1.820000052E0,9.330000305E1,3.790092468E0,2.500000000E0
5.650323153E2,6.507908468E1,2.541390696E1,1.364239490E1,1.110000014E0,9.330000305E1,3.790092468E0,2.500000000E0
5.660334947E2,6.507908370E1,2.541393713E1,1.309619555E1,1.350000024E0,9.550000000E1,3.790092468E0,2.500000000E0
5.670312782E2,6.507908132E1,2.541396874E1,1.266309512E1,1.350000024E0,1.060999985E2,3.790092468E0,2.500000000E0
5.680298096E2,6.507907919E1,2.541399443E1,1.288361933E1,1.000000000E0,1.020999985E2,3.790092468E0,2.500000000E0
5.690279396E2,6.507907799E1,2.541401980E1,1.249116702E1,1.220000029E0,9.430000305E1,3.790092468E0,2.500000000E0
5.700297443E2,6.507907686E1,2.541404747E1,1.158461585E1,1.149999976E0,9.450000000E1,3.790092468E0,2.500000000E0
5.710283742E2,6.507907704E1,2.541407267E1,1.121389144E1,9.399999976E-1,8.830000305E1,3.790092468E0,2.500000000E0
5.720313267E2,6.507907922E1,2.541410060E1,1.108163088E1,1.360000014E0,8.069999695E1,3.790092468E0,2.500000000E0
5.730289201E2,6.507908085E1,2.541413177E1,1.114804041E1,1.289999962E0,8.380000305E1,3.790092468E0,2.500000000E0
5.740326950E2,6.507908033E1,2.541416270E1,1.107553480E1,1.289999962E0,7.500000000E1,3.790092468E0,2.500000000E0
5.750321480E2,6.507907840E1,2.541419586E1,1.110715606E1,1.419999957E0,9.380000305E1,3.790092468E0,2.500000000E0
5.760300012E2,6.507907604E1,2.541422911E1,1.137321355E1,1.419999957E0,9.669999695E1,3.790092468E0,2.500000000E0
5.770309962E2,6.507907424E1,2.541426305E1,1.110844814E1,1.450000048E0,9.709999847E1,3.790092468E0,2.500000000E0
5.780338405E2,6.507907136E1,2.541429465E1,1.071575320E1,1.389999986E0,1.113000031E2,3.790092468E0,2.500000000E0
5.790329655E2,6.507906701E1,2.541432312E1,1.046563661E1,1.299999952E0,1.114000015E2,3.790092468E0,2.500000000E0
5.800340570E2,6.507906380E1,2.541434815E1,1.094672027E1,1.019999981E0,1.016999969E2,3.790092468E0,2.500000000E0
5.810412536E2,6.507906001E1,2.541437133E1,1.027942748E1,1.029999971E0,1.034000015E2,3.790092468E0,2.500000000E0
5.820283543E2,6.507905661E1,2.541439251E1,9.343457504E0,7.400000095E-1,1.041999969E2,3.790092468E0,2.500000000E0
5.830294611E2,6.507905374E1,2.541441329E1,9.212907177E0,9.399999976E-1,1.044000015E2,3.790092468E0,2.500000000E0
5.840310440E2,6.507905171E1,2.541444094E1,9.718282658E0,1.340000033E0,9.650000000E1,3.790092468E0,2.500000000E0
5.850304149E2,6.507905229E1,2.541447173E1,9.591333207E0,1.179999948E0,9.619999695E1,3.790092468E0,2.500000000E0
5.860302766E2,6.507905284E1,2.541450351E1,9.060148055E0,1.399999976E0,9.619999695E1,3.790092468E0,2.500000000E0
5.870351302E2,6.507905179E1,2.541453757E1,9.274142098E0,1.470000029E0,9.940000153E1,3.790092468E0,2.500000000E0
5.880312956E2,6.507905077E1,2.541457069E1,9.495643333E0,1.370000005E0,9.630000305E1,3.790092468E0,2.500000000E0
5.890313844E2,6.507904981E1,2.541460200E1,9.304485621E0,1.480000019E0,9.550000000E1,3.790092468E0,2.500000000E0
5.900368980E2,6.507904982E1,2.541463190E1,9.386459639E0,1.340000033E0,9.369999695E1,3.790092468E0,2.500000000E0
5.910321652E2,6.507904944E1,2.541466289E1,9.121510135E0,1.470000029E0,9.750000000E1,3.790092468E0,2.500000000E0
5.920335260E2,6.507904897E1,2.541469438E1,9.001702334E0,1.320000052E0,9.490000153E1,3.790092468E0,2.500000000E0
5.930305015E2,6.507904919E1,2.541472528E1,8.690121703E0,1.379999995E0,9.259999847E1,3.790092468E0,2.500000000E0
5.940319989E2,6.507904981E1,2.541475628E1,8.509583394E0,1.320000052E0,9.050000000E1,3.790092468E0,2.500000000E0
5.950322085E2,6.507905047E1,2.541478692E1,8.510380471E0,1.340000033E0,9.250000000E1,3.790092468E0,2.500000000E0
5.960334256E2,6.507905046E1,2.541481733E1,8.570748118E0,1.429999948E0,9.400000000E1,3.790092468E0,2.500000000E0
5.970303526E2,6.507904993E1,2.541484730E1,8.755688684E0,1.360000014E0,9.830000305E1,3.790092468E0,2.500000000E0
5.980318939E2,6.507904951E1,2.541487576E1,9.154496198E0,1.289999962E0,1.011999969E2,3.790092468E0,2.500000000E0
5.990316893E2,6.507904808E1,2.541490301E1,9.370015415E0,1.200000048E0,1.013000031E2,3.790092468E0,2.500000000E0
6.000338204E2,6.507904717E1,2.541492888E1,9.368432184E0,1.240000010E0,9.890000153E1,3.790092468E0,2.500000000E0
6.010302643E2,6.507904606E1,2.541495318E1,9.178616416E0,1.149999976E0,9.930000305E1,3.790092468E0,2.500000000E0
6.020362263E2,6.507904485E1,2.541498002E1,9.067414295E0,1.440000057E0,9.790000153E1,3.790092468E0,2.500000000E0
6.030287967E2,6.507904350E1,2.541500786E1,8.929417928E0,1.360000014E0,9.550000000E1,3.790092468E0,2.500000000E0
6.040320050E2,6.507904022E1,2.541504088E1,9.000956735E0,1.870000005E0,9.550000000E1,3.790092468E0,2.500000000E0
6.050341869E2,6.507903836E1,2.541506965E1,8.925521738E0,1.200000048E0,9.709999847E1,3.790092468E0,2.500000000E0
6.060342645E2,6.507903769E1,2.541509260E1,9.002917524E0,1.210000038E0,9.440000153E1,3.790092468E0,2.500000000E0
6.070343779E2,6.507903834E1,2.541511858E1,8.676016259E0,1.429999948E0,8.790000153E1,3.790092468E0,2.500000000E0
6.080307845E2,6.507903908E1,2.541514706E1,8.605401894E0,1.360000014E0,9.350000000E1,3.790092468E0,2.500000000E0
6.090299105E2,6.507903952E1,2.541517259E1,8.883786305E0,1.110000014E0,9.690000153E1,3.790092468E0,2.500000000E0
6.100319300E2,6.507903911E1,2.541519842E1,9.128113500E0,1.259999990E0,9.509999847E1,3.790092468E0,2.500000000E0
6.110299322E2,6.507903892E1,2.541522554E1,9.724247405E0,1.179999948E0,8.919999695E1,3.790092468E0,2.500000000E0
6.120291546E2,6.507903826E1,2.541525220E1,9.756233503E0,1.289999962E0,9.580000305E1,3.790092468E0,2.500000000E0
6.130299998E2,6.507903658E1,2.541527750E1,9.538891250E0,1.179999948E0,9.680000305E1,3.790092468E0,2.500000000E0
6.140332910E2,6.507903259E1,2.541529860E1,9.183365852E0,1.110000014E0,9.690000153E1,3.790092468E0,2.500000000E0
6.150302745E2,6.507902891E1,2.541532108E1,9.766011884E0,1.250000000E0,9.330000305E1,3.790092468E0,2.500000000E0
6.160324226E2,6.507902630E1,2.541534332E1,9.540307820E0,1.149999976E0,9.330000305E1,3.790092468E0,2.500000000E0
6.170303219E2,6.507902554E1,2.541536611E1,9.129117198E0,1.210000038E0,9.740000153E1,3.790092468E0,2.500000000E0
6.180307440E2,6.507902592E1,2.541539170E1,9.333282892E0,1.370000005E0,9.190000153E1,3.790092468E0,2.500000000E0
6.190319385E2,6.507902618E1,2.541541741E1,9.292148360E0,1.269999981E0,9.119999695E1,3.790092468E0,2.500000000E0
6.200293365E2,6.507902628E1,2.541544097E1,9.207739696E0,1.059999943E0,8.940000153E1,3.790092468E0,2.500000000E0
6.210295255E2,6.507902576E1,2.541546286E1,8.924051299E0,1.019999981E0,9.550000000E1,3.790092468E0,2.500000000E0
6.220312486E2,6.507902331E1,2.541548639E1,9.043501139E0,1.220000029E0,1.031999969E2,3.790092468E0,2.500000000E0
6.230301766E2,6.507902023E1,2.541551361E1,9.142504941E0,1.399999976E0,1.033000031E2,3.790092468E0,2.500000000E0
6.240330640E2,6.507901717E1,2.541554451E1,9.120415452E0,1.509999990E0,1.038000031E2,3.790092468E0,2.500000000E0
6.250313671E2,6.507901444E1,2.541557667E1,9.053892389E0,1.480000019E0,9.950000000E1,3.790092468E0,2.500000000E0
6.260317405E2,6.507901312E1,2.541560645E1,8.765932876E0,1.279999971E0,9.650000000E1,3.790092468E0,2.500000000E0
6.270313799E2,6.507901216E1,2.541563452E1,8.587897307E0,1.259999990E0,9.450000000E1,3.790092468E0,2.500000000E0
6.280316204E2,6.507901131E1,2.541566318E1,8.694773877E0,1.289999962E0,9.340000153E1,3.790092468E0,2.500000000E0
6.290308556E2,6.507901119E1,2.541569285E1,8.679030635E0,1.279999971E0,8.859999847E1,3.790092468E0,2.500000000E0
6.300307926E2,6.507901250E1,2.541572251E1,8.806414225E0,1.299999952E0,8.680000305E1,3.790092468E0,2.500000000E0
6.310303663E2,6.507901248E1,2.541575113E1,8.619284088E0,1.190000057E0,8.909999847E1,3.790092468E0,2.500000000E0
6.320286372E2,6.507900972E1,2.541578145E1,8.620815002E0,1.500000000E0,9.959999847E1,3.790092468E0,2.500000000E0
6.330279633E2,6.507900598E1,2.541581325E1,8.756135585E0,1.399999976E0,1.013000031E2,3.790092468E0,2.500000000E0
6.340301570E2,6.507900387E1,2.541584135E1,8.546972580E0,1.230000019E0,8.380000305E1,3.790092468E0,2.500000000E0
6.350305658E2,6.507900278E1,2.541586901E1,8.402567386E0,1.330000043E0,8.790000153E1,3.790092468E0,2.500000000E0
6.360313031E2,6.507900184E1,2.541590193E1,8.622847856E0,1.759999990E0,8.959999847E1,3.790092468E0,2.500000000E0
6.370319553E2,6.507900050E1,2.541593091E1,8.530872135E0,1.059999943E0,9.609999847E1,3.790092468E0,2.500000000E0
6.380291829E2,6.507899837E1,2.541595625E1,8.607719529E0,1.240000010E0,9.690000153E1,3.790092468E0,2.500000000E0
6.390333438E2,6.507899547E1,2.541598566E1,8.859372457E0,1.419999957E0,9.959999847E1,3.790092468E0,2.500000000E0
6.400331183E2,6.507899207E1,2.541601623E1,9.447939807E0,1.389999986E0,1.006999969E2,3.790092468E0,2.500000000E0
6.410356026E2,6.507898785E1,2.541604865E1,9.902596609E0,1.590000033E0,1.041999969E2,3.790092468E0,2.500000000E0
6.420292960E2,6.507898299E1,2.541608236E1,9.177749452E0,1.490000010E0,1.061999969E2,3.790092468E0,2.500000000E0
6.430314405E2,6.507897918E1,2.541611198E1,8.775777305E0,1.220000029E0,1.040000000E2,3.790092468E0,2.500000000E0
6.440303562E2,6.507897668E1,2.541613971E1,8.824610023E0,1.299999952E0,9.980000305E1,3.790092468E0,2.500000000E0
6.450308144E2,6.507897558E1,2.541616654E1,8.914457656E0,1.070000052E0,9.450000000E1,3.790092468E0,2.500000000E0
